org.seasar.extension.sql.SemicolonNotAllowedRuntimeException,oscana.s2n.seasar.extension.sql.SemicolonNotAllowedRuntimeException
org.seasar.framework.beans.PropertyNotFoundRuntimeException,oscana.s2n.seasar.framework.beans.PropertyNotFoundRuntimeException
org.seasar.framework.beans.BeanDesc,oscana.s2n.seasar.framework.beans.BeanDesc
org.seasar.framework.beans.PropertyDesc,oscana.s2n.seasar.framework.beans.PropertyDesc
org.seasar.framework.beans.factory.BeanDescFactory,oscana.s2n.seasar.framework.beans.factory.BeanDescFactory
org.seasar.framework.beans.util.AbstractCopy,oscana.s2n.seasar.framework.beans.util.AbstractCopy
org.seasar.framework.beans.util.BeanMap,oscana.s2n.seasar.framework.beans.util.BeanMap
org.seasar.framework.beans.util.Beans,null
org.seasar.framework.beans.util.BeanUtil,null
org.seasar.framework.beans.util.Copy,oscana.s2n.seasar.framework.beans.util.Copy
org.seasar.framework.beans.util.CreateAndCopy,oscana.s2n.seasar.framework.beans.util.CreateAndCopy
org.seasar.framework.container.factory.SingletonS2ContainerFactory,oscana.s2n.seasar.framework.container.factory.OscanaSingletonContainerFactory
org.seasar.framework.container.S2Container,oscana.s2n.seasar.framework.container.OscanaContainer
org.seasar.framework.container.SingletonS2Container,null
org.seasar.framework.convention.PersistenceConvention,oscana.s2n.seasar.framework.convention.PersistenceConvention
org.seasar.framework.convention.impl.PersistenceConventionImpl,oscana.s2n.seasar.framework.convention.impl.PersistenceConventionImpl
org.seasar.framework.exception.IORuntimeException,oscana.s2n.seasar.framework.exception.IORuntimeException
org.seasar.framework.util.tiger.CollectionsUtil,null
org.seasar.framework.util.tiger.ReflectionUtil,oscana.s2n.seasar.framework.util.tiger.ReflectionUtil
org.seasar.framework.util.ArrayUtil,oscana.s2n.seasar.framework.util.ArrayUtil
org.seasar.framework.util.AssertionUtil,null
org.seasar.framework.util.Base64Util,oscana.s2n.seasar.framework.util.Base64Util
org.seasar.framework.util.FieldUtil,oscana.s2n.seasar.framework.util.FieldUtil
org.seasar.framework.util.StringUtil,oscana.s2n.seasar.framework.util.StringUtil
org.seasar.framework.util.InputStreamUtil,oscana.s2n.seasar.framework.util.InputStreamUtil
org.seasar.framework.util.MethodUtil,oscana.s2n.seasar.framework.util.MethodUtil
org.seasar.framework.util.OutputStreamUtil,oscana.s2n.seasar.framework.util.OutputStreamUtil
org.seasar.framework.util.ResourceUtil,oscana.s2n.seasar.framework.util.ResourceUtil
org.seasar.framework.util.SAXParserFactoryUtil,oscana.s2n.seasar.framework.util.SAXParserFactoryUtil
org.seasar.framework.util.FileOutputStreamUtil,oscana.s2n.seasar.framework.util.FileOutputStreamUtil
org.seasar.struts.config.S2ActionMapping,oscana.s2n.seasar.struts.config.OscanaActionMapping
org.seasar.struts.taglib.S2Functions,oscana.s2n.seasar.struts.taglib.OscanaFunctions
org.seasar.struts.util.ActionMessagesUtil,oscana.s2n.seasar.struts.util.ActionMessagesUtil
org.seasar.struts.util.ActionUtil,oscana.s2n.seasar.struts.util.ActionUtil
org.seasar.struts.util.RequestUtil,oscana.s2n.seasar.struts.util.RequestUtil
org.seasar.struts.util.ResponseUtil,oscana.s2n.seasar.struts.util.ResponseUtil
org.seasar.struts.util.RoutingUtil,oscana.s2n.seasar.struts.util.RoutingUtil
org.seasar.struts.util.UploadUtil,oscana.s2n.seasar.struts.util.UploadUtil
org.seasar.struts.util.URLEncoderUtil,oscana.s2n.seasar.struts.util.URLEncoderUtil
org.seasar.struts.util.ServletContextUtil,oscana.s2n.seasar.struts.util.ServletContextUtil
org.apache.struts.action.*,oscana.s2n.struts.action.*
org.apache.struts.action.Action,oscana.s2n.struts.action.Action
org.apache.struts.action.ActionErrors,oscana.s2n.struts.action.ActionErrors
org.apache.struts.action.ActionForm,oscana.s2n.struts.action.ActionForm
org.apache.struts.validator.ValidatorForm,oscana.s2n.struts.action.ActionForm
org.apache.struts.action.ActionForward,oscana.s2n.struts.action.ActionForward
org.apache.struts.action.ActionMapping,oscana.s2n.struts.action.ActionMapping
org.apache.struts.action.ActionMessage,oscana.s2n.struts.action.ActionMessage
org.apache.struts.action.ActionMessages,oscana.s2n.struts.action.ActionMessages
org.apache.struts.taglib.html.Constants,oscana.s2n.struts.taglib.html.Constants
org.apache.struts.upload.FormFile,oscana.s2n.struts.upload.FormFile
org.apache.struts.util.LabelValueBean,oscana.s2n.struts.util.LabelValueBean
org.apache.struts.util.MessageResources,oscana.s2n.struts.util.MessageResources
org.apache.struts.Globals,oscana.s2n.struts.Globals
org.seasar.extension.jdbc.operation.Operations.*,null
org.seasar.struts.annotation.ActionForm,null
org.seasar.struts.annotation.Execute,null
org.seasar.struts.annotation.Required,oscana.s2n.validation.Required
org.seasar.framework.container.annotation.tiger.Component,null
org.seasar.framework.container.annotation.tiger.InstanceType,null
org.seasar.struts.annotation.IntegerType,oscana.s2n.validation.ParseInt
org.seasar.struts.annotation.ByteType,oscana.s2n.validation.ParseByte
org.seasar.struts.annotation.CreditCardType,oscana.s2n.validation.CreditCardNumber
org.seasar.struts.annotation.DateType,oscana.s2n.validation.ParseDate
org.seasar.struts.annotation.DoubleRange,oscana.s2n.validation.DecimalRange
org.seasar.struts.annotation.DoubleType,oscana.s2n.validation.ParseDouble
org.seasar.struts.annotation.EmailType,oscana.s2n.validation.Email
org.seasar.struts.annotation.FloatRange,oscana.s2n.validation.DecimalRange
org.seasar.struts.annotation.FloatType,oscana.s2n.validation.ParseFloat
org.seasar.struts.annotation.IntRange,oscana.s2n.validation.Range
org.seasar.struts.annotation.LongRange,oscana.s2n.validation.Range
org.seasar.struts.annotation.LongType,oscana.s2n.validation.ParseLong
org.seasar.struts.annotation.Mask,oscana.s2n.validation.Pattern
org.seasar.struts.annotation.Maxbytelength,oscana.s2n.validation.ByteLength
org.seasar.struts.annotation.Maxlength,oscana.s2n.validation.Length
org.seasar.struts.annotation.Minbytelength,oscana.s2n.validation.ByteLength
org.seasar.struts.annotation.Minlength,oscana.s2n.validation.Length
org.seasar.struts.annotation.ShortType,oscana.s2n.validation.ParseShort
org.seasar.struts.annotation.UrlType,oscana.s2n.validation.URL
org.seasar.extension.jdbc.operation.Operations.asc,null
org.seasar.extension.jdbc.operation.Operations.eq,null
org.seasar.struts.annotation.Validwhen,null
org.seasar.struts.annotation.Msg,null
org.seasar.struts.annotation.Arg,null
org.seasar.extension.jdbc.exception.SEntityExistsException,null
org.seasar.framework.exception.SQLRuntimeException,null
org.seasar.framework.container.annotation.tiger.Binding,null
org.seasar.framework.container.annotation.tiger.BindingType,null
javax.persistence.MappedSuperclass,null